{
    "Version": "2012-10-17",
    "Statement": [
        {
            "Sid": "VisualEditor0",
            "Effect": "Allow",
            "Action": [
                "apigateway:*",
                "s3:*",
                "ec2:*",
                "cloudwatch:*",
                "logs:*",
                "iam:*",
                "ssm:*",
                "lambda:*",
                "cloud9:*",
                "dynamodb:*",
                "cognito-idp:*",
                "xray:*"
            ],
            "Resource": "*"
        }
    ]
}